
INSERT INTO DEPARTMENT VALUES ('63971afa-b3f7-11ea-8c19-8878732de6bf', 'Kinderafdeling');

INSERT INTO BED VALUES ('63971afb-b3f7-11ea-9953-8878732de6bf', '63971afa-b3f7-11ea-8c19-8878732de6bf', NULL);

INSERT INTO BED VALUES ('63971afc-b3f7-11ea-84ae-8878732de6bf', '63971afa-b3f7-11ea-8c19-8878732de6bf', NULL);

INSERT INTO BED VALUES ('63971afd-b3f7-11ea-9b74-8878732de6bf', '63971afa-b3f7-11ea-8c19-8878732de6bf', NULL);

INSERT INTO BED VALUES ('63971afe-b3f7-11ea-9ae7-8878732de6bf', '63971afa-b3f7-11ea-8c19-8878732de6bf', NULL);

INSERT INTO BED VALUES ('63971aff-b3f7-11ea-a40c-8878732de6bf', '63971afa-b3f7-11ea-8c19-8878732de6bf', NULL);

INSERT INTO BED VALUES ('63971b00-b3f7-11ea-a1a6-8878732de6bf', '63971afa-b3f7-11ea-8c19-8878732de6bf', NULL);

INSERT INTO BED VALUES ('63971b01-b3f7-11ea-bcc6-8878732de6bf', '63971afa-b3f7-11ea-8c19-8878732de6bf', NULL);

INSERT INTO BED VALUES ('63971b02-b3f7-11ea-a671-8878732de6bf', '63971afa-b3f7-11ea-8c19-8878732de6bf', NULL);

INSERT INTO BED VALUES ('63971b03-b3f7-11ea-aed1-8878732de6bf', '63971afa-b3f7-11ea-8c19-8878732de6bf', NULL);

INSERT INTO BED VALUES ('63971b04-b3f7-11ea-ab16-8878732de6bf', '63971afa-b3f7-11ea-8c19-8878732de6bf', NULL);

INSERT INTO PATIENT VALUES ('63971b05-b3f7-11ea-b768-8878732de6bf', '11', 'Andrew', 'Rozanski', '600', '63971afb-b3f7-11ea-9953-8878732de6bf', '63971afa-b3f7-11ea-8c19-8878732de6bf');

INSERT INTO DEPARTMENT_PATIENTS VALUES ('63971afa-b3f7-11ea-8c19-8878732de6bf', '63971b05-b3f7-11ea-b768-8878732de6bf');

INSERT INTO PATIENT VALUES ('63ae8c7e-b3f7-11ea-85df-8878732de6bf', '6', 'Gary', 'Volkert', '600', '63971b03-b3f7-11ea-aed1-8878732de6bf', '63971afa-b3f7-11ea-8c19-8878732de6bf');

INSERT INTO DEPARTMENT_PATIENTS VALUES ('63971afa-b3f7-11ea-8c19-8878732de6bf', '63ae8c7e-b3f7-11ea-85df-8878732de6bf');

INSERT INTO PATIENT VALUES ('63b0b0a2-b3f7-11ea-a321-8878732de6bf', '3', 'Jim', 'Yelton', '600', '63971b01-b3f7-11ea-bcc6-8878732de6bf', '63971afa-b3f7-11ea-8c19-8878732de6bf');

INSERT INTO DEPARTMENT_PATIENTS VALUES ('63971afa-b3f7-11ea-8c19-8878732de6bf', '63b0b0a2-b3f7-11ea-a321-8878732de6bf');

INSERT INTO PATIENT VALUES ('63b2ac98-b3f7-11ea-bf9c-8878732de6bf', '5', 'Mike', 'Welker', '600', '63971b02-b3f7-11ea-a671-8878732de6bf', '63971afa-b3f7-11ea-8c19-8878732de6bf');

INSERT INTO DEPARTMENT_PATIENTS VALUES ('63971afa-b3f7-11ea-8c19-8878732de6bf', '63b2ac98-b3f7-11ea-bf9c-8878732de6bf');

INSERT INTO PATIENT VALUES ('63b36fc6-b3f7-11ea-a716-8878732de6bf', '5', 'Tammy', 'Mitchell', '600', '63971afd-b3f7-11ea-9b74-8878732de6bf', '63971afa-b3f7-11ea-8c19-8878732de6bf');

INSERT INTO DEPARTMENT_PATIENTS VALUES ('63971afa-b3f7-11ea-8c19-8878732de6bf', '63b36fc6-b3f7-11ea-a716-8878732de6bf');

INSERT INTO PATIENT VALUES ('63b73f34-b3f7-11ea-af90-8878732de6bf', '7', 'Nancy', 'Wilson', '600', '63971afc-b3f7-11ea-84ae-8878732de6bf', '63971afa-b3f7-11ea-8c19-8878732de6bf');

INSERT INTO DEPARTMENT_PATIENTS VALUES ('63971afa-b3f7-11ea-8c19-8878732de6bf', '63b73f34-b3f7-11ea-af90-8878732de6bf');

INSERT INTO PATIENT VALUES ('63b76630-b3f7-11ea-bf09-8878732de6bf', '8', 'Floyd', 'Lazarus', '600', '63971aff-b3f7-11ea-a40c-8878732de6bf', '63971afa-b3f7-11ea-8c19-8878732de6bf');

INSERT INTO DEPARTMENT_PATIENTS VALUES ('63971afa-b3f7-11ea-8c19-8878732de6bf', '63b76630-b3f7-11ea-bf09-8878732de6bf');

INSERT INTO PATIENT VALUES ('63b89fe4-b3f7-11ea-84fe-8878732de6bf', '10', 'Jeremy', 'Richardson', '600', '63971b00-b3f7-11ea-a1a6-8878732de6bf', '63971afa-b3f7-11ea-8c19-8878732de6bf');

INSERT INTO DEPARTMENT_PATIENTS VALUES ('63971afa-b3f7-11ea-8c19-8878732de6bf', '63b89fe4-b3f7-11ea-84fe-8878732de6bf');

INSERT INTO DEPARTMENT_BEDS VALUES ('63971afa-b3f7-11ea-8c19-8878732de6bf', '63971afb-b3f7-11ea-9953-8878732de6bf');

UPDATE BED SET PATIENT_ID = '63971b05-b3f7-11ea-b768-8878732de6bf' WHERE ID = '63971afb-b3f7-11ea-9953-8878732de6bf';

INSERT INTO DEPARTMENT_BEDS VALUES ('63971afa-b3f7-11ea-8c19-8878732de6bf', '63971afc-b3f7-11ea-84ae-8878732de6bf');

UPDATE BED SET PATIENT_ID = '63b73f34-b3f7-11ea-af90-8878732de6bf' WHERE ID = '63971afc-b3f7-11ea-84ae-8878732de6bf';

INSERT INTO DEPARTMENT_BEDS VALUES ('63971afa-b3f7-11ea-8c19-8878732de6bf', '63971afd-b3f7-11ea-9b74-8878732de6bf');

UPDATE BED SET PATIENT_ID = '63b36fc6-b3f7-11ea-a716-8878732de6bf' WHERE ID = '63971afd-b3f7-11ea-9b74-8878732de6bf';

INSERT INTO DEPARTMENT_BEDS VALUES ('63971afa-b3f7-11ea-8c19-8878732de6bf', '63971afe-b3f7-11ea-9ae7-8878732de6bf');

INSERT INTO DEPARTMENT_BEDS VALUES ('63971afa-b3f7-11ea-8c19-8878732de6bf', '63971aff-b3f7-11ea-a40c-8878732de6bf');

UPDATE BED SET PATIENT_ID = '63b76630-b3f7-11ea-bf09-8878732de6bf' WHERE ID = '63971aff-b3f7-11ea-a40c-8878732de6bf';

INSERT INTO DEPARTMENT_BEDS VALUES ('63971afa-b3f7-11ea-8c19-8878732de6bf', '63971b00-b3f7-11ea-a1a6-8878732de6bf');

UPDATE BED SET PATIENT_ID = '63b89fe4-b3f7-11ea-84fe-8878732de6bf' WHERE ID = '63971b00-b3f7-11ea-a1a6-8878732de6bf';

INSERT INTO DEPARTMENT_BEDS VALUES ('63971afa-b3f7-11ea-8c19-8878732de6bf', '63971b01-b3f7-11ea-bcc6-8878732de6bf');

UPDATE BED SET PATIENT_ID = '63b0b0a2-b3f7-11ea-a321-8878732de6bf' WHERE ID = '63971b01-b3f7-11ea-bcc6-8878732de6bf';

INSERT INTO DEPARTMENT_BEDS VALUES ('63971afa-b3f7-11ea-8c19-8878732de6bf', '63971b02-b3f7-11ea-a671-8878732de6bf');

UPDATE BED SET PATIENT_ID = '63b2ac98-b3f7-11ea-bf9c-8878732de6bf' WHERE ID = '63971b02-b3f7-11ea-a671-8878732de6bf';

INSERT INTO DEPARTMENT_BEDS VALUES ('63971afa-b3f7-11ea-8c19-8878732de6bf', '63971b03-b3f7-11ea-aed1-8878732de6bf');

UPDATE BED SET PATIENT_ID = '63ae8c7e-b3f7-11ea-85df-8878732de6bf' WHERE ID = '63971b03-b3f7-11ea-aed1-8878732de6bf';

INSERT INTO DEPARTMENT_BEDS VALUES ('63971afa-b3f7-11ea-8c19-8878732de6bf', '63971b04-b3f7-11ea-ab16-8878732de6bf');
